<?xml version="1.0" encoding="UTF-8"?>
<!DOCTYPE mapper PUBLIC "-//mybatis.org//DTD Mapper 3.0//EN" "http://mybatis.org/dtd/mybatis-3-mapper.dtd">
<mapper namespace="cn.unbug.autosign.mapper.CheckInTimeMapper">
    <!-- 通用查询映射结果 -->
    <resultMap id="CheckInTimeResultMap" type="cn.unbug.autosign.entity.CheckInTime">
        <id column="id" property="id"/>
        <result column="sign_id" property="signId"/>
        <result column="week" property="week"/>
        <result column="revision" property="revision"/>
        <result column="created_by" property="createdBy"/>
        <result column="created_time" property="createdTime"/>
        <result column="updated_by" property="updatedBy"/>
        <result column="updated_time" property="updatedTime"/>
    </resultMap>
</mapper>
